总里程,业务类型,需求类型1,需求类型2,是否续签,标的展示策略,地区类型,省内省外,计划靠车前可用分钟数,计划发车前可用分钟数,计划到达前行驶分钟数,计划卸货分钟数,交易运行分钟数,实际靠车前可用分钟数,实际发车前可用分钟数,实际结束前分钟数,调价审核分钟数,始发地_北京市,始发地_广东省,始发地_河南省,始发地_陕西省,目的地_北京市,目的地_广东省,目的地_新疆维吾尔自治区,目的地_河南省,车辆类型分类_厢式运输车,打包类型_人工,打包类型_单边,打包类型_周期往返,打包类型_周期流向,运输等级_一级运输,运输等级_三级运输,运输等级_二级运输,交易对象_B,交易对象_BC,交易对象_C,需求紧急程度_常规订单,需求紧急程度_特急订单,需求紧急程度_紧急订单,调价紧急程度_常规,调价紧急程度_紧急,调价紧急程度_非常紧急,调价类型_未调整,调价类型_调低,调价类型_调高,车辆类型_15.0_30.0,车辆类型_4.2_1.5,车辆类型_5.2_3.0,车辆类型_7.6_7.0,车辆类型_9.6_14.0,线路编码_1,线路编码_2,线路编码_3,线路编码_4,线路编码_5,线路编码_6,线路编码_7,线路编码_8,线路编码_9,线路编码_10,线路编码_11,线路编码_12,线路编码_13,线路编码_14,线路编码_15,线路编码_16,线路编码_17,线路编码_18,线路编码_19,线路编码_20,线路编码_21,线路编码_23,线路编码_24,线路编码_25,线路编码_26,线路编码_27,线路编码_28,线路编码_29,线路编码_31,线路编码_32,线路编码_33,线路编码_34,线路编码_35,线路编码_36,线路编码_37,线路编码_38,线路编码_39,线路编码_40,线路编码_41,线路编码_42,线路编码_43,线路编码_44,线路编码_45,线路编码_46,线路编码_47,线路编码_51,线路编码_52,线路编码_53,线路编码_54,线路编码_55,线路编码_56,线路编码_57,线路编码_58,线路编码_59,线路编码_61,线路编码_62,线路编码_63,线路编码_65,线路编码_66,线路编码_67,线路编码_68,线路编码_69,线路编码_71,线路编码_72,线路编码_73,线路编码_74,线路编码_75,线路编码_77,线路编码_78,线路编码_79,线路编码_80,线路编码_81,线路编码_83,线路编码_85,线路编码_86,线路编码_87,线路编码_88,线路编码_89,线路编码_90,线路编码_91,线路编码_92,线路编码_93,线路编码_94,线路编码_95,线路编码_96,起止省份终止省份始发网点目的网点_北京市_北京市_4_1,起止省份终止省份始发网点目的网点_北京市_北京市_4_2,起止省份终止省份始发网点目的网点_北京市_北京市_4_3,起止省份终止省份始发网点目的网点_广东省_广东省_18_17,起止省份终止省份始发网点目的网点_广东省_广东省_19_10,起止省份终止省份始发网点目的网点_广东省_广东省_5_7,起止省份终止省份始发网点目的网点_广东省_广东省_5_8,起止省份终止省份始发网点目的网点_广东省_广东省_5_9,起止省份终止省份始发网点目的网点_广东省_广东省_6_10,起止省份终止省份始发网点目的网点_广东省_广东省_6_8,起止省份终止省份始发网点目的网点_广东省_广东省_6_9,起止省份终止省份始发网点目的网点_河南省_河南省_14_16,起止省份终止省份始发网点目的网点_河南省_河南省_15_16,起止省份终止省份始发网点目的网点_陕西省_新疆维吾尔自治区_11_20,起止省份终止省份始发网点目的网点_陕西省_新疆维吾尔自治区_11_21,起止省份终止省份始发网点目的网点_陕西省_新疆维吾尔自治区_12_20,地区_1,地区_2,地区_3,地区_4,地区_5,线路指导价（不含税）
54.9,1,1,0,1,1,0,0,31417.0,31557.0,115.0,46.0,1236.0,31415.95,31536.433333,17.166667,0.116667,1,0,0,0,1,0,0,0,1,0,0,0,1,0,1,0,0,1,0,1,0,0,1,0,0,0,0,1,0,0,0,1,0,0,0,0,0,0,0,0,0,0,0,0,0,0,0,0,0,0,0,0,0,0,0,0,0,0,0,0,0,0,0,0,0,0,0,0,0,0,0,0,0,0,0,0,0,0,0,0,0,0,0,0,0,0,0,0,0,0,0,0,0,0,0,0,0,0,0,0,0,0,0,0,0,0,0,0,0,0,0,0,0,0,0,0,0,0,1,0,0,0,0,0,0,0,0,0,0,0,0,0,0,0,0,0,0,0,0,415
45.0,0,1,0,0,0,1,0,35180.0,35210.0,55.0,17.0,2721.9,34978.35,35140.766667,18.283333,0.033333,0,1,0,0,0,1,0,0,1,1,0,0,0,0,0,1,1,0,0,1,0,0,1,0,0,1,0,0,0,0,1,0,0,0,0,0,0,0,0,0,0,0,0,0,0,0,0,0,0,0,0,0,0,0,0,0,0,0,0,0,0,0,0,0,0,0,0,0,0,0,0,0,0,0,0,0,0,0,0,0,0,0,0,0,0,0,0,0,0,0,0,0,0,0,0,0,0,0,0,0,0,0,0,0,0,0,0,0,0,0,0,0,0,0,0,0,0,0,0,0,0,1,0,0,0,0,0,0,0,0,0,0,0,0,0,0,0,0,0,257
45.0,0,1,0,0,0,1,0,52105.0,52145.0,65.0,17.0,2729.216667,51941.8,52115.116667,1.05,0.033333,0,1,0,0,0,1,0,0,1,1,0,0,0,0,0,1,1,0,0,1,0,0,1,0,0,1,0,0,0,0,1,0,0,0,0,0,0,0,0,0,0,0,0,0,0,0,0,0,0,0,0,0,0,0,0,0,0,0,0,0,0,0,0,0,0,0,0,0,0,0,0,0,0,0,0,0,0,0,0,0,0,0,0,0,0,0,0,0,0,0,0,0,0,0,0,0,0,0,0,0,0,0,0,0,0,0,0,0,0,0,0,0,0,0,0,0,0,0,0,0,0,1,0,0,0,0,0,0,0,0,0,0,0,0,0,0,0,0,0,257
241.0,0,1,0,0,0,1,0,34294.0,34364.0,220.0,41.0,2697.216667,34217.933333,34363.883333,7.3,0.05,0,0,1,0,0,0,0,1,1,0,0,0,1,0,0,1,1,0,0,1,0,0,1,0,0,1,0,0,0,0,0,0,1,0,0,0,0,0,0,0,0,0,0,0,0,0,0,0,0,0,0,0,0,0,0,0,0,0,0,0,0,0,0,0,0,0,0,0,0,0,0,0,0,0,0,0,0,0,0,0,0,0,0,0,0,0,0,0,0,0,0,0,0,0,0,0,0,0,0,0,0,0,0,0,0,0,0,0,0,0,0,0,0,0,0,0,0,0,0,0,0,0,0,0,0,0,0,0,0,1,0,0,0,0,0,0,0,0,0,999
241.0,1,0,0,0,0,1,0,40566.0,41226.0,225.0,46.0,2563.65,40510.183333,40616.433333,21.6,0.1,0,0,1,0,0,0,0,1,1,0,0,0,1,0,0,1,1,0,0,1,0,0,1,0,0,0,1,0,0,0,0,0,1,0,0,0,0,0,0,0,0,0,0,0,0,0,0,0,0,0,0,0,0,0,0,0,0,0,0,0,0,0,0,0,0,0,0,0,0,0,0,0,0,0,0,0,0,0,0,0,0,0,0,0,0,0,0,0,0,0,0,0,0,0,0,0,0,0,0,0,0,0,0,0,0,0,0,0,0,0,0,0,0,0,0,0,0,0,0,0,0,0,0,0,0,0,0,0,0,0,1,0,0,0,0,0,0,0,0,1292
45.0,0,1,0,1,0,1,0,32055.0,32085.0,55.0,41.0,1772.0,32040.383333,32078.05,1.183333,0.45,0,1,0,0,0,1,0,0,1,1,0,0,0,0,0,1,1,0,0,1,0,0,1,0,0,0,1,0,0,0,1,0,0,0,0,0,0,0,0,0,0,0,0,0,0,0,0,0,0,0,0,0,0,0,0,0,0,0,0,0,0,0,0,0,0,0,0,0,0,0,0,0,0,0,0,0,0,0,0,0,0,0,0,0,0,0,0,0,0,0,0,0,0,0,0,0,0,0,0,0,0,0,0,0,0,0,0,0,0,0,0,0,0,0,0,0,0,0,0,0,0,1,0,0,0,0,0,0,0,0,0,0,0,0,0,0,0,0,0,282
55.22,1,1,0,1,1,0,0,25461.0,25661.0,95.0,54.0,6958.0,25329.583333,25550.783333,4816.133333,1.1,1,0,0,0,1,0,0,0,1,0,0,0,1,0,1,0,0,1,0,1,0,0,1,0,0,0,0,1,0,0,0,1,0,0,0,0,0,0,0,0,0,0,0,0,0,0,0,0,0,0,0,0,0,0,0,0,0,0,0,0,0,0,0,0,0,0,0,0,0,0,0,0,0,0,0,0,0,0,0,0,0,0,0,0,0,0,0,0,0,0,0,0,0,0,0,0,0,0,0,0,0,0,0,0,0,0,0,0,0,0,0,0,0,0,0,0,0,0,0,1,0,0,0,0,0,0,0,0,0,0,0,0,0,0,0,0,0,0,0,402
55.22,1,1,0,1,1,0,0,26901.0,27101.0,95.0,54.0,6866.0,26593.666667,27080.95,52.7,1.283333,1,0,0,0,1,0,0,0,1,0,0,0,1,0,1,0,0,1,0,1,0,0,1,0,0,0,0,1,0,0,0,1,0,0,0,0,0,0,0,0,0,0,0,0,0,0,0,0,0,0,0,0,0,0,0,0,0,0,0,0,0,0,0,0,0,0,0,0,0,0,0,0,0,0,0,0,0,0,0,0,0,0,0,0,0,0,0,0,0,0,0,0,0,0,0,0,0,0,0,0,0,0,0,0,0,0,0,0,0,0,0,0,0,0,0,0,0,0,0,1,0,0,0,0,0,0,0,0,0,0,0,0,0,0,0,0,0,0,0,402
54.9,1,1,0,1,1,0,0,35338.0,35373.0,65.0,11.0,1048.0,34870.4,35331.05,316.15,17.716667,1,0,0,0,1,0,0,0,1,0,0,0,1,0,1,0,0,1,0,1,0,0,1,0,0,0,0,1,0,0,0,1,0,0,0,0,0,0,0,0,0,0,0,0,0,0,0,0,0,0,0,0,0,0,0,0,0,0,0,0,0,0,0,0,0,0,0,0,0,0,0,0,0,0,0,0,0,0,0,0,0,0,0,0,0,0,0,0,0,0,0,0,0,0,0,0,0,0,0,0,0,0,0,0,0,0,0,0,0,0,0,0,0,0,0,0,0,0,0,0,1,0,0,0,0,0,0,0,0,0,0,0,0,0,0,0,0,0,0,403
2544.0,0,1,0,0,0,1,1,21745.0,21805.0,2750.0,66.0,1716.3,21217.1,21471.366667,3679.733333,0.05,0,0,0,1,0,0,1,0,1,0,1,0,0,1,0,0,1,0,0,1,0,0,1,0,0,0,0,1,1,0,0,0,0,0,0,0,0,0,0,0,0,0,0,0,0,0,0,0,0,0,0,0,0,0,0,0,0,0,0,0,0,0,0,0,0,0,0,0,0,0,0,0,0,0,0,0,0,0,0,0,0,0,0,0,0,0,0,0,0,0,0,0,0,0,0,0,0,0,0,0,0,0,0,0,0,0,0,0,0,0,0,0,0,0,0,0,0,0,0,0,0,0,0,0,0,0,0,0,0,0,0,0,0,1,0,0,0,0,0,12720
54.91,1,1,0,1,1,0,0,23866.0,23926.0,90.0,54.0,1185.0,23609.016667,23842.133333,97.233333,68.383333,1,0,0,0,1,0,0,0,1,0,0,0,1,0,1,0,0,1,0,1,0,0,1,0,0,0,0,1,0,0,0,1,0,0,0,0,0,0,0,0,0,0,0,0,0,0,0,0,0,0,0,0,0,0,0,0,0,0,0,0,0,0,0,0,0,0,0,0,0,0,0,0,0,0,0,0,0,0,0,0,0,0,0,0,0,0,0,0,0,0,0,0,0,0,0,0,0,0,0,0,0,0,0,0,0,0,0,0,0,0,0,0,0,0,0,0,0,0,0,1,0,0,0,0,0,0,0,0,0,0,0,0,0,0,0,0,0,0,0,403
241.0,0,1,0,0,0,1,0,18219.0,18289.0,240.0,41.0,1697.266667,18195.666667,18327.433333,3.783333,0.05,0,0,1,0,0,0,0,1,1,0,0,0,1,0,0,1,1,0,0,1,0,0,1,0,0,0,0,1,0,0,0,0,1,0,0,0,0,0,0,0,0,0,0,0,0,0,0,0,0,0,0,0,0,0,0,0,0,0,0,0,0,0,0,0,0,0,0,0,0,0,0,0,0,0,0,0,0,0,0,0,0,0,0,0,0,0,0,0,0,0,0,0,0,0,0,0,0,0,0,0,0,0,0,0,0,0,0,0,0,0,0,0,0,0,0,0,0,0,0,0,0,0,0,0,0,0,0,0,0,1,0,0,0,0,0,0,0,0,0,942
33.0,0,1,0,0,0,0,0,59557.0,59592.0,55.0,12.0,2826.016667,59445.483333,59587.083333,4.183333,0.1,0,1,0,0,0,1,0,0,1,0,0,0,1,0,1,0,1,0,0,1,0,0,1,0,0,1,0,0,0,1,0,0,0,0,0,0,0,0,0,0,0,0,0,0,0,0,0,0,0,0,0,0,0,0,0,0,0,0,0,0,0,0,0,0,0,0,0,0,0,0,0,0,0,0,0,0,0,0,0,0,0,0,0,0,0,0,0,0,0,0,0,0,0,0,0,0,0,0,0,0,0,0,0,0,0,0,0,0,0,0,0,0,0,0,0,0,0,0,0,0,0,0,0,0,0,1,0,0,0,0,0,0,0,0,0,0,0,0,0,111
54.9,1,1,1,1,1,0,0,209.0,244.0,85.0,28.0,105.0,115.233333,162.166667,40.0,0.1,1,0,0,0,1,0,0,0,1,0,1,0,0,0,1,0,0,1,0,0,1,0,0,0,1,0,0,1,0,0,0,1,0,0,0,0,0,0,0,0,0,0,0,0,0,0,0,0,0,0,0,0,0,0,0,0,0,0,0,0,0,0,0,0,0,0,0,0,0,0,0,0,0,0,0,0,0,0,0,0,0,0,0,0,0,0,0,0,0,0,0,0,0,0,0,0,0,0,0,0,0,0,0,0,0,0,0,0,0,0,0,0,0,0,0,0,0,0,0,0,1,0,0,0,0,0,0,0,0,0,0,0,0,0,0,0,0,0,0,394
45.0,0,1,0,0,0,1,0,38934.0,38974.0,63.0,17.0,1337.383333,38847.583333,38974.516667,3.0,0.05,0,1,0,0,0,1,0,0,1,0,0,0,1,0,0,1,1,0,0,1,0,0,1,0,0,0,1,0,0,0,1,0,0,0,0,0,0,0,0,0,0,0,0,0,0,0,0,0,0,0,0,0,0,0,0,0,0,0,0,0,0,0,0,0,0,0,0,0,0,0,0,0,0,0,0,0,0,0,0,0,0,0,0,0,0,0,0,0,0,0,0,0,0,0,0,0,0,0,0,0,0,0,0,0,0,0,0,0,0,0,0,0,0,0,0,0,0,0,0,0,0,1,0,0,0,0,0,0,0,0,0,0,0,0,0,0,0,0,0,284
54.9,1,1,0,1,1,0,0,48638.0,48808.0,85.0,28.0,1207.0,48015.1,48289.65,594.7,0.133333,1,0,0,0,1,0,0,0,1,0,0,0,1,0,1,0,0,1,0,1,0,0,1,0,0,0,0,1,0,0,0,1,0,0,0,0,0,0,0,0,0,0,0,0,0,0,0,0,0,0,0,0,0,0,0,0,0,0,0,0,0,0,0,0,0,0,0,0,0,0,0,0,0,0,0,0,0,0,0,0,0,0,0,0,0,0,0,0,0,0,0,0,0,0,0,0,0,0,0,0,0,0,0,0,0,0,0,0,0,0,0,0,0,0,0,0,0,0,0,0,1,0,0,0,0,0,0,0,0,0,0,0,0,0,0,0,0,0,0,415
54.9,1,1,0,1,1,0,0,45674.0,45764.0,65.0,28.0,1359.0,45264.366667,45353.433333,503.083333,2589.683333,1,0,0,0,1,0,0,0,1,0,0,0,1,0,1,0,0,1,0,1,0,0,1,0,0,0,0,1,0,0,0,1,0,0,0,0,0,0,0,0,0,0,0,0,0,0,0,0,0,0,0,0,0,0,0,0,0,0,0,0,0,0,0,0,0,0,0,0,0,0,0,0,0,0,0,0,0,0,0,0,0,0,0,0,0,0,0,0,0,0,0,0,0,0,0,0,0,0,0,0,0,0,0,0,0,0,0,0,0,0,0,0,0,0,0,0,0,0,0,0,1,0,0,0,0,0,0,0,0,0,0,0,0,0,0,0,0,0,0,403
241.0,1,0,0,0,0,1,0,14556.0,14796.0,225.0,46.0,1596.133333,14387.633333,14789.233333,3.083333,0.05,0,0,1,0,0,0,0,1,1,0,0,0,1,0,0,1,1,0,0,1,0,0,1,0,0,0,0,1,0,0,0,0,1,0,0,0,0,0,0,0,0,0,0,0,0,0,0,0,0,0,0,0,0,0,0,0,0,0,0,0,0,0,0,0,0,0,0,0,0,0,0,0,0,0,0,0,0,0,0,0,0,0,0,0,0,0,0,0,0,0,0,0,0,0,0,0,0,0,0,0,0,0,0,0,0,0,0,0,0,0,0,0,0,0,0,0,0,0,0,0,0,0,0,0,0,0,0,0,0,0,1,0,0,0,0,0,0,0,0,1094
241.0,1,1,1,1,1,1,0,129.0,309.0,225.0,41.0,25.0,114.233333,309.65,3.066667,0.066667,0,0,1,0,0,0,0,1,1,0,1,0,0,0,0,1,0,1,0,0,1,0,0,0,1,0,0,1,0,0,0,0,1,0,0,0,0,0,0,0,0,0,0,0,0,0,0,0,0,0,0,0,0,0,0,0,0,0,0,0,0,0,0,0,0,0,0,0,0,0,0,0,0,0,0,0,0,0,0,0,0,0,0,0,0,0,0,0,0,0,0,0,0,0,0,0,0,0,0,0,0,0,0,0,0,0,0,0,0,0,0,0,0,0,0,0,0,0,0,0,0,0,0,0,0,0,0,0,0,0,1,0,0,0,0,0,0,0,0,1029
144.0,1,1,0,0,0,1,0,27813.0,27883.0,146.0,85.0,1914.9,27230.566667,27288.533333,476.766667,0.033333,0,1,0,0,0,1,0,0,1,0,0,0,1,0,0,1,1,0,0,1,0,0,1,0,0,0,0,1,0,0,0,0,1,0,0,0,0,0,0,0,0,0,0,0,0,0,0,0,0,0,0,0,0,0,0,0,0,0,0,0,0,0,0,0,0,0,0,0,0,0,0,0,0,0,0,0,0,0,0,0,0,0,0,0,0,0,0,0,0,0,0,0,0,0,0,0,0,0,0,0,0,0,0,0,0,0,0,0,0,0,0,0,0,0,0,0,0,0,0,0,0,0,1,0,0,0,0,0,0,0,0,0,0,0,0,0,0,0,0,835
241.0,0,1,1,1,1,1,0,228.0,498.0,220.0,41.0,124.0,193.5,438.633333,6.666667,0.1,0,0,1,0,0,0,0,1,1,0,1,0,0,0,0,1,0,1,0,0,1,0,0,1,0,0,0,1,0,0,0,0,1,0,0,0,0,0,0,0,0,0,0,0,0,0,0,0,0,0,0,0,0,0,0,0,0,0,0,0,0,0,0,0,0,0,0,0,0,0,0,0,0,0,0,0,0,0,0,0,0,0,0,0,0,0,0,0,0,0,0,0,0,0,0,0,0,0,0,0,0,0,0,0,0,0,0,0,0,0,0,0,0,0,0,0,0,0,0,0,0,0,0,0,0,0,0,0,0,1,0,0,0,0,0,0,0,0,0,1189
2544.0,0,1,0,0,0,1,1,47562.0,47622.0,2690.0,257.0,2151.466667,47439.85,47629.183333,25.2,0.033333,0,0,0,1,0,0,1,0,1,0,0,0,1,1,0,0,1,0,0,1,0,0,1,0,0,0,0,1,1,0,0,0,0,0,0,0,0,0,0,0,0,0,0,0,0,0,0,0,0,0,0,0,0,0,0,0,0,0,0,0,0,0,0,0,0,0,0,0,0,0,0,0,0,0,0,0,0,0,0,0,0,0,0,0,0,0,0,0,0,0,0,0,0,0,0,0,0,0,0,0,0,0,0,0,0,0,0,0,0,0,0,0,0,0,0,0,0,0,0,0,0,0,0,0,0,0,0,0,0,0,0,0,0,1,0,0,0,0,0,12500
2544.0,0,1,0,1,0,1,1,27262.0,27322.0,2750.0,66.0,4138.0,25944.35,26689.95,59.733333,1.1,0,0,0,1,0,0,1,0,1,0,0,0,1,1,0,0,1,0,0,1,0,0,1,0,0,0,0,1,1,0,0,0,0,0,0,0,0,0,0,0,0,0,0,0,0,0,0,0,0,0,0,0,0,0,0,0,0,0,0,0,0,0,0,0,0,0,0,0,0,0,0,0,0,0,0,0,0,0,0,0,0,0,0,0,0,0,0,0,0,0,0,0,0,0,0,0,0,0,0,0,0,0,0,0,0,0,0,0,0,0,0,0,0,0,0,0,0,0,0,0,0,0,0,0,0,0,0,0,0,0,0,0,0,1,0,0,0,0,0,10639
45.0,0,1,0,1,0,1,0,32467.0,32497.0,60.0,41.0,2085.0,32241.383333,32357.416667,4.216667,0.583333,0,1,0,0,0,1,0,0,1,1,0,0,0,0,0,1,1,0,0,1,0,0,1,0,0,0,1,0,0,0,1,0,0,0,0,0,0,0,0,0,0,0,0,0,0,0,0,0,0,0,0,0,0,0,0,0,0,0,0,0,0,0,0,0,0,0,0,0,0,0,0,0,0,0,0,0,0,0,0,0,0,0,0,0,0,0,0,0,0,0,0,0,0,0,0,0,0,0,0,0,0,0,0,0,0,0,0,0,0,0,0,0,0,0,0,0,0,0,0,0,0,1,0,0,0,0,0,0,0,0,0,0,0,0,0,0,0,0,0,282
33.0,0,1,0,0,0,0,0,32815.0,32845.0,70.0,12.0,2452.833333,32777.483333,32838.183333,2.266667,0.033333,0,1,0,0,0,1,0,0,1,0,0,0,1,0,1,0,1,0,0,1,0,0,1,0,0,1,0,0,0,1,0,0,0,0,0,0,0,0,0,0,0,0,0,0,0,0,0,0,0,0,0,0,0,0,0,0,0,0,0,0,0,0,0,0,0,0,0,0,0,0,0,0,0,0,0,0,0,0,0,0,0,0,0,0,0,0,0,0,0,0,0,0,0,0,0,0,0,0,0,0,0,0,0,0,0,0,0,0,0,0,0,0,0,0,0,0,0,0,0,0,0,0,0,0,0,1,0,0,0,0,0,0,0,0,0,0,0,0,0,111
2544.0,0,1,0,0,0,1,1,23397.0,23457.0,2790.0,66.0,2772.366667,23242.416667,23453.333333,12.966667,0.033333,0,0,0,1,0,0,1,0,1,0,0,0,1,1,0,0,1,0,0,1,0,0,1,0,0,0,0,1,1,0,0,0,0,0,0,0,0,0,0,0,0,0,0,0,0,0,0,0,0,0,0,0,0,0,0,0,0,0,0,0,0,0,0,0,0,0,0,0,0,0,0,0,0,0,0,0,0,0,0,0,0,0,0,0,0,0,0,0,0,0,0,0,0,0,0,0,0,0,0,0,0,0,0,0,0,0,0,0,0,0,0,0,0,0,0,0,0,0,0,0,0,0,0,0,0,0,0,0,0,0,0,0,0,1,0,0,0,0,0,10609
45.0,0,1,0,0,0,1,0,21742.0,21772.0,60.0,17.0,1375.583333,21575.233333,21749.716667,4.283333,0.033333,0,1,0,0,0,1,0,0,1,0,0,0,1,0,0,1,1,0,0,1,0,0,1,0,0,0,1,0,0,0,1,0,0,0,0,0,0,0,0,0,0,0,0,0,0,0,0,0,0,0,0,0,0,0,0,0,0,0,0,0,0,0,0,0,0,0,0,0,0,0,0,0,0,0,0,0,0,0,0,0,0,0,0,0,0,0,0,0,0,0,0,0,0,0,0,0,0,0,0,0,0,0,0,0,0,0,0,0,0,0,0,0,0,0,0,0,0,0,0,0,0,1,0,0,0,0,0,0,0,0,0,0,0,0,0,0,0,0,0,284
45.0,0,1,0,1,0,1,0,24900.0,24930.0,55.0,41.0,3263.0,24648.2,24809.133333,3.133333,0.633333,0,1,0,0,0,1,0,0,1,1,0,0,0,0,0,1,1,0,0,1,0,0,1,0,0,0,1,0,0,0,1,0,0,0,0,0,0,0,0,0,0,0,0,0,0,0,0,0,0,0,0,0,0,0,0,0,0,0,0,0,0,0,0,0,0,0,0,0,0,0,0,0,0,0,0,0,0,0,0,0,0,0,0,0,0,0,0,0,0,0,0,0,0,0,0,0,0,0,0,0,0,0,0,0,0,0,0,0,0,0,0,0,0,0,0,0,0,0,0,0,0,1,0,0,0,0,0,0,0,0,0,0,0,0,0,0,0,0,0,282
144.0,1,1,0,0,0,1,0,19356.0,19596.0,150.0,85.0,6322.0,19153.4,19302.1,151.533333,2.933333,0,1,0,0,0,1,0,0,1,1,0,0,0,0,0,1,0,0,1,1,0,0,1,0,0,0,0,1,0,0,0,0,1,0,0,0,0,0,0,0,0,0,0,0,0,0,0,0,0,0,0,0,0,0,0,0,0,0,0,0,0,0,0,0,0,0,0,0,0,0,0,0,0,0,0,0,0,0,0,0,0,0,0,0,0,0,0,0,0,0,0,0,0,0,0,0,0,0,0,0,0,0,0,0,0,0,0,0,0,0,0,0,0,0,0,0,0,0,0,0,0,0,1,0,0,0,0,0,0,0,0,0,0,0,0,0,0,0,0,876
241.0,1,0,1,1,1,1,0,120.0,300.0,225.0,41.0,97.0,130.5,298.533333,5.983333,0.066667,0,0,1,0,0,0,0,1,1,0,1,0,0,0,0,1,0,1,0,0,1,0,0,0,1,0,0,1,0,0,0,0,1,0,0,0,0,0,0,0,0,0,0,0,0,0,0,0,0,0,0,0,0,0,0,0,0,0,0,0,0,0,0,0,0,0,0,0,0,0,0,0,0,0,0,0,0,0,0,0,0,0,0,0,0,0,0,0,0,0,0,0,0,0,0,0,0,0,0,0,0,0,0,0,0,0,0,0,0,0,0,0,0,0,0,0,0,0,0,0,0,0,0,0,0,0,0,0,0,0,1,0,0,0,0,0,0,0,0,1029
45.0,0,1,0,0,0,1,0,48154.0,48184.0,60.0,17.0,2874.75,48026.516667,48146.9,3.15,0.033333,0,1,0,0,0,1,0,0,1,1,0,0,0,0,0,1,1,0,0,1,0,0,1,0,0,0,1,0,0,0,1,0,0,0,0,0,0,0,0,0,0,0,0,0,0,0,0,0,0,0,0,0,0,0,0,0,0,0,0,0,0,0,0,0,0,0,0,0,0,0,0,0,0,0,0,0,0,0,0,0,0,0,0,0,0,0,0,0,0,0,0,0,0,0,0,0,0,0,0,0,0,0,0,0,0,0,0,0,0,0,0,0,0,0,0,0,0,0,0,0,0,1,0,0,0,0,0,0,0,0,0,0,0,0,0,0,0,0,0,284
241.0,1,1,0,0,0,1,0,41675.0,42335.0,225.0,41.0,204.683333,41643.266667,42024.133333,9.416667,0.183333,0,0,1,0,0,0,0,1,1,0,0,0,1,0,0,1,1,0,0,1,0,0,1,0,0,0,1,0,0,0,0,0,1,0,0,0,0,0,0,0,0,0,0,0,0,0,0,0,0,0,0,0,0,0,0,0,0,0,0,0,0,0,0,0,0,0,0,0,0,0,0,0,0,0,0,0,0,0,0,0,0,0,0,0,0,0,0,0,0,0,0,0,0,0,0,0,0,0,0,0,0,0,0,0,0,0,0,0,0,0,0,0,0,0,0,0,0,0,0,0,0,0,0,0,0,0,0,0,0,0,1,0,0,0,0,0,0,0,0,1377
241.0,1,0,0,0,0,1,0,14465.0,15125.0,225.0,46.0,2871.0,14150.55,14226.2,8.316667,0.033333,0,0,1,0,0,0,0,1,1,0,0,0,1,0,0,1,1,0,0,1,0,0,1,0,0,0,1,0,0,0,0,0,1,0,0,0,0,0,0,0,0,0,0,0,0,0,0,0,0,0,0,0,0,0,0,0,0,0,0,0,0,0,0,0,0,0,0,0,0,0,0,0,0,0,0,0,0,0,0,0,0,0,0,0,0,0,0,0,0,0,0,0,0,0,0,0,0,0,0,0,0,0,0,0,0,0,0,0,0,0,0,0,0,0,0,0,0,0,0,0,0,0,0,0,0,0,0,0,0,0,1,0,0,0,0,0,0,0,0,1301
2544.0,0,1,1,1,1,1,1,579.0,586.0,2690.0,66.0,391.0,383.533333,608.95,17.683333,0.566667,0,0,0,1,0,0,1,0,1,0,1,0,0,1,0,0,0,1,0,0,0,1,0,1,0,0,1,0,1,0,0,0,0,0,0,0,0,0,0,0,0,0,0,0,0,0,0,0,0,0,0,0,0,0,0,0,0,0,0,0,0,0,0,0,0,0,0,0,0,0,0,0,0,0,0,0,0,0,0,0,0,0,0,0,0,0,0,0,0,0,0,0,0,0,0,0,0,0,0,0,0,0,0,0,0,0,0,0,0,0,0,0,0,0,0,0,0,0,0,0,0,0,0,0,0,0,0,0,0,0,0,0,0,1,0,0,0,0,0,10619
144.0,1,1,0,0,0,1,0,48404.0,48434.0,146.0,85.0,658.083333,48035.183333,48429.983333,66.383333,0.05,0,1,0,0,0,1,0,0,1,0,0,0,1,0,0,1,1,0,0,1,0,0,1,0,0,0,0,1,0,0,0,0,1,0,0,0,0,0,0,0,0,0,0,0,0,0,0,0,0,0,0,0,0,0,0,0,0,0,0,0,0,0,0,0,0,0,0,0,0,0,0,0,0,0,0,0,0,0,0,0,0,0,0,0,0,0,0,0,0,0,0,0,0,0,0,0,0,0,0,0,0,0,0,0,0,0,0,0,0,0,0,0,0,0,0,0,0,0,0,0,0,0,1,0,0,0,0,0,0,0,0,0,0,0,0,0,0,0,0,835
241.0,0,1,0,0,0,1,0,12183.0,12303.0,215.0,41.0,2840.85,12148.916667,12282.7,1.983333,0.083333,0,0,1,0,0,0,0,1,1,0,0,0,1,0,0,1,1,0,0,1,0,0,1,0,0,0,0,1,0,0,0,0,1,0,0,0,0,0,0,0,0,0,0,0,0,0,0,0,0,0,0,0,0,0,0,0,0,0,0,0,0,0,0,0,0,0,0,0,0,0,0,0,0,0,0,0,0,0,0,0,0,0,0,0,0,0,0,0,0,0,0,0,0,0,0,0,0,0,0,0,0,0,0,0,0,0,0,0,0,0,0,0,0,0,0,0,0,0,0,0,0,0,0,0,0,0,0,0,0,1,0,0,0,0,0,0,0,0,0,956
54.9,1,1,0,1,1,0,0,38119.0,38239.0,85.0,28.0,6569.0,37915.3,38120.783333,111.45,1.633333,1,0,0,0,1,0,0,0,1,1,0,0,0,0,1,0,0,1,0,1,0,0,1,0,0,0,0,1,0,0,0,1,0,0,0,0,0,0,0,0,0,0,0,0,0,0,0,0,0,0,0,0,0,0,0,0,0,0,0,0,0,0,0,0,0,0,0,0,0,0,0,0,0,0,0,0,0,0,0,0,0,0,0,0,0,0,0,0,0,0,0,0,0,0,0,0,0,0,0,0,0,0,0,0,0,0,0,0,0,0,0,0,0,0,0,0,0,0,0,0,1,0,0,0,0,0,0,0,0,0,0,0,0,0,0,0,0,0,0,394
144.0,1,1,1,1,1,1,0,300.0,1110.0,146.0,85.0,295.0,270.166667,506.616667,634.066667,59.366667,0,1,0,0,0,1,0,0,1,0,1,0,0,0,0,1,0,1,0,0,1,0,0,1,0,1,0,0,0,0,0,0,1,0,0,0,0,0,0,0,0,0,0,0,0,0,0,0,0,0,0,0,0,0,0,0,0,0,0,0,0,0,0,0,0,0,0,0,0,0,0,0,0,0,0,0,0,0,0,0,0,0,0,0,0,0,0,0,0,0,0,0,0,0,0,0,0,0,0,0,0,0,0,0,0,0,0,0,0,0,0,0,0,0,0,0,0,0,0,0,0,0,1,0,0,0,0,0,0,0,0,0,0,0,0,0,0,0,0,1168
144.0,1,1,0,1,0,1,0,25122.0,25192.0,146.0,41.0,364.0,25190.8,25199.516667,69.616667,3405.666667,0,1,0,0,0,1,0,0,1,1,0,0,0,0,0,1,1,0,0,1,0,0,1,0,0,0,0,1,0,0,0,0,1,0,0,0,0,0,0,0,0,0,0,0,0,0,0,0,0,0,0,0,0,0,0,0,0,0,0,0,0,0,0,0,0,0,0,0,0,0,0,0,0,0,0,0,0,0,0,0,0,0,0,0,0,0,0,0,0,0,0,0,0,0,0,0,0,0,0,0,0,0,0,0,0,0,0,0,0,0,0,0,0,0,0,0,0,0,0,0,0,0,1,0,0,0,0,0,0,0,0,0,0,0,0,0,0,0,0,619
2603.0,0,1,0,1,0,1,1,31024.0,31084.0,2881.0,66.0,915.0,30614.716667,30916.366667,9.683333,1.8,0,0,0,1,0,0,1,0,1,0,0,0,1,1,0,0,1,0,0,1,0,0,1,0,0,0,0,1,1,0,0,0,0,0,0,0,0,0,0,0,0,0,0,0,0,0,0,0,0,0,0,0,0,0,0,0,0,0,0,0,0,0,0,0,0,0,0,0,0,0,0,0,0,0,0,0,0,0,0,0,0,0,0,0,0,0,0,0,0,0,0,0,0,0,0,0,0,0,0,0,0,0,0,0,0,0,0,0,0,0,0,0,0,0,0,0,0,0,0,0,0,0,0,0,0,0,0,0,0,0,0,0,0,1,0,0,0,0,0,10989
45.0,0,1,0,0,0,1,0,16437.0,16467.0,60.0,41.0,2877.183333,16224.616667,16331.55,4.016667,0.016667,0,1,0,0,0,1,0,0,1,0,0,0,1,0,0,1,1,0,0,1,0,0,1,0,0,0,1,0,0,0,1,0,0,0,0,0,0,0,0,0,0,0,0,0,0,0,0,0,0,0,0,0,0,0,0,0,0,0,0,0,0,0,0,0,0,0,0,0,0,0,0,0,0,0,0,0,0,0,0,0,0,0,0,0,0,0,0,0,0,0,0,0,0,0,0,0,0,0,0,0,0,0,0,0,0,0,0,0,0,0,0,0,0,0,0,0,0,0,0,0,0,1,0,0,0,0,0,0,0,0,0,0,0,0,0,0,0,0,0,284
45.0,0,1,0,0,0,1,0,46459.0,46489.0,60.0,17.0,2730.816667,46327.233333,46476.783333,0.55,0.05,0,1,0,0,0,1,0,0,1,0,0,0,1,0,0,1,1,0,0,1,0,0,1,0,0,1,0,0,0,0,1,0,0,0,0,0,0,0,0,0,0,0,0,0,0,0,0,0,0,0,0,0,0,0,0,0,0,0,0,0,0,0,0,0,0,0,0,0,0,0,0,0,0,0,0,0,0,0,0,0,0,0,0,0,0,0,0,0,0,0,0,0,0,0,0,0,0,0,0,0,0,0,0,0,0,0,0,0,0,0,0,0,0,0,0,0,0,0,0,0,0,1,0,0,0,0,0,0,0,0,0,0,0,0,0,0,0,0,0,257
45.0,0,1,0,1,0,1,0,20623.0,20653.0,60.0,41.0,2081.0,20511.95,20615.616667,0.75,0.516667,0,1,0,0,0,1,0,0,1,1,0,0,0,0,0,1,1,0,0,1,0,0,1,0,0,0,1,0,0,0,1,0,0,0,0,0,0,0,0,0,0,0,0,0,0,0,0,0,0,0,0,0,0,0,0,0,0,0,0,0,0,0,0,0,0,0,0,0,0,0,0,0,0,0,0,0,0,0,0,0,0,0,0,0,0,0,0,0,0,0,0,0,0,0,0,0,0,0,0,0,0,0,0,0,0,0,0,0,0,0,0,0,0,0,0,0,0,0,0,0,0,1,0,0,0,0,0,0,0,0,0,0,0,0,0,0,0,0,0,282
54.91,1,1,0,1,1,0,0,38013.0,38193.0,48.0,54.0,1050.0,37876.85,38055.35,164.5,3.266667,1,0,0,0,1,0,0,0,1,0,0,0,1,0,1,0,0,1,0,1,0,0,1,0,0,0,0,1,0,0,0,1,0,0,0,0,0,0,0,0,0,0,0,0,0,0,0,0,0,0,0,0,0,0,0,0,0,0,0,0,0,0,0,0,0,0,0,0,0,0,0,0,0,0,0,0,0,0,0,0,0,0,0,0,0,0,0,0,0,0,0,0,0,0,0,0,0,0,0,0,0,0,0,0,0,0,0,0,0,0,0,0,0,0,0,0,0,0,0,1,0,0,0,0,0,0,0,0,0,0,0,0,0,0,0,0,0,0,0,403
2544.0,0,1,0,0,0,1,1,24006.0,24066.0,2750.0,66.0,1318.333333,23738.516667,23932.55,286.45,0.033333,0,0,0,1,0,0,1,0,1,0,0,0,1,1,0,0,1,0,0,1,0,0,1,0,0,1,0,0,1,0,0,0,0,0,0,0,0,0,0,0,0,0,0,0,0,0,0,0,0,0,0,0,0,0,0,0,0,0,0,0,0,0,0,0,0,0,0,0,0,0,0,0,0,0,0,0,0,0,0,0,0,0,0,0,0,0,0,0,0,0,0,0,0,0,0,0,0,0,0,0,0,0,0,0,0,0,0,0,0,0,0,0,0,0,0,0,0,0,0,0,0,0,0,0,0,0,0,0,0,0,0,0,0,1,0,0,0,0,0,14055
33.0,0,1,0,0,0,0,0,31734.0,31764.0,60.0,12.0,2525.15,31452.333333,31760.866667,15.083333,0.033333,0,1,0,0,0,1,0,0,1,0,0,0,1,0,1,0,1,0,0,1,0,0,1,0,0,1,0,0,0,1,0,0,0,0,0,0,0,0,0,0,0,0,0,0,0,0,0,0,0,0,0,0,0,0,0,0,0,0,0,0,0,0,0,0,0,0,0,0,0,0,0,0,0,0,0,0,0,0,0,0,0,0,0,0,0,0,0,0,0,0,0,0,0,0,0,0,0,0,0,0,0,0,0,0,0,0,0,0,0,0,0,0,0,0,0,0,0,0,0,0,0,0,0,0,0,1,0,0,0,0,0,0,0,0,0,0,0,0,0,127
46.81,1,1,0,1,1,0,0,31728.0,32268.0,85.0,20.0,1424.0,31693.916667,32220.566667,404.466667,8816.583333,1,0,0,0,1,0,0,0,1,0,0,0,1,0,1,0,0,1,0,1,0,0,1,0,0,1,0,0,0,0,0,1,0,0,0,0,0,0,0,0,0,0,0,0,0,0,0,0,0,0,0,0,0,0,0,0,0,0,0,0,0,0,0,0,0,0,0,0,0,0,0,0,0,0,0,0,0,0,0,0,0,0,0,0,0,0,0,0,0,0,0,0,0,0,0,0,0,0,0,0,0,0,0,0,0,0,0,0,0,0,0,0,0,0,0,0,0,0,1,0,0,0,0,0,0,0,0,0,0,0,0,0,0,0,0,0,0,0,0,541
33.0,0,1,0,0,0,0,0,27202.0,27232.0,60.0,12.0,2686.616667,27172.4,27225.916667,1.783333,0.033333,0,1,0,0,0,1,0,0,1,0,0,0,1,0,1,0,1,0,0,1,0,0,1,0,0,1,0,0,0,1,0,0,0,0,0,0,0,0,0,0,0,0,0,0,0,0,0,0,0,0,0,0,0,0,0,0,0,0,0,0,0,0,0,0,0,0,0,0,0,0,0,0,0,0,0,0,0,0,0,0,0,0,0,0,0,0,0,0,0,0,0,0,0,0,0,0,0,0,0,0,0,0,0,0,0,0,0,0,0,0,0,0,0,0,0,0,0,0,0,0,0,0,0,0,0,1,0,0,0,0,0,0,0,0,0,0,0,0,0,111
144.0,1,1,1,1,1,1,0,1056.0,1356.0,150.0,85.0,1051.0,1012.816667,1356.4,35.716667,19.2,0,1,0,0,0,1,0,0,1,0,1,0,0,0,0,1,0,1,0,1,0,0,1,0,0,1,0,0,0,0,0,0,1,0,0,0,0,0,0,0,0,0,0,0,0,0,0,0,0,0,0,0,0,0,0,0,0,0,0,0,0,0,0,0,0,0,0,0,0,0,0,0,0,0,0,0,0,0,0,0,0,0,0,0,0,0,0,0,0,0,0,0,0,0,0,0,0,0,0,0,0,0,0,0,0,0,0,0,0,0,0,0,0,0,0,0,0,0,0,0,0,0,1,0,0,0,0,0,0,0,0,0,0,0,0,0,0,0,0,1022
54.91,1,1,0,1,1,0,0,23782.0,23842.0,90.0,54.0,6624.0,23615.583333,23845.966667,4327.183333,1.033333,1,0,0,0,1,0,0,0,1,1,0,0,0,0,1,0,0,1,0,1,0,0,1,0,0,0,0,1,0,0,0,1,0,0,0,0,0,0,0,0,0,0,0,0,0,0,0,0,0,0,0,0,0,0,0,0,0,0,0,0,0,0,0,0,0,0,0,0,0,0,0,0,0,0,0,0,0,0,0,0,0,0,0,0,0,0,0,0,0,0,0,0,0,0,0,0,0,0,0,0,0,0,0,0,0,0,0,0,0,0,0,0,0,0,0,0,0,0,0,1,0,0,0,0,0,0,0,0,0,0,0,0,0,0,0,0,0,0,0,394
55.22,1,1,0,1,1,0,0,29737.0,29877.0,95.0,54.0,996.0,29735.633333,29854.616667,23.8,0.133333,1,0,0,0,1,0,0,0,1,0,0,0,1,0,1,0,0,1,0,1,0,0,1,0,0,0,0,1,0,0,0,1,0,0,0,0,0,0,0,0,0,0,0,0,0,0,0,0,0,0,0,0,0,0,0,0,0,0,0,0,0,0,0,0,0,0,0,0,0,0,0,0,0,0,0,0,0,0,0,0,0,0,0,0,0,0,0,0,0,0,0,0,0,0,0,0,0,0,0,0,0,0,0,0,0,0,0,0,0,0,0,0,0,0,0,0,0,0,0,1,0,0,0,0,0,0,0,0,0,0,0,0,0,0,0,0,0,0,0,395
241.0,1,1,0,0,0,1,0,9521.0,9761.0,225.0,41.0,2716.833333,9512.533333,9756.283333,6.166667,0.116667,0,0,1,0,0,0,0,1,1,0,0,0,1,0,0,1,1,0,0,1,0,0,1,0,0,0,1,0,0,0,0,0,1,0,0,0,0,0,0,0,0,0,0,0,0,0,0,0,0,0,0,0,0,0,0,0,0,0,0,0,0,0,0,0,0,0,0,0,0,0,0,0,0,0,0,0,0,0,0,0,0,0,0,0,0,0,0,0,0,0,0,0,0,0,0,0,0,0,0,0,0,0,0,0,0,0,0,0,0,0,0,0,0,0,0,0,0,0,0,0,0,0,0,0,0,0,0,0,0,0,1,0,0,0,0,0,0,0,0,1357
54.9,1,1,0,1,1,0,0,41468.0,41608.0,85.0,28.0,1207.0,41352.8,41502.7,85.133333,0.133333,1,0,0,0,1,0,0,0,1,0,0,0,1,0,1,0,0,1,0,1,0,0,1,0,0,0,0,1,0,0,0,1,0,0,0,0,0,0,0,0,0,0,0,0,0,0,0,0,0,0,0,0,0,0,0,0,0,0,0,0,0,0,0,0,0,0,0,0,0,0,0,0,0,0,0,0,0,0,0,0,0,0,0,0,0,0,0,0,0,0,0,0,0,0,0,0,0,0,0,0,0,0,0,0,0,0,0,0,0,0,0,0,0,0,0,0,0,0,0,0,1,0,0,0,0,0,0,0,0,0,0,0,0,0,0,0,0,0,0,394
45.0,0,1,0,0,0,1,0,37870.0,37900.0,55.0,17.0,189.15,37698.483333,37768.966667,3.416667,0.033333,0,1,0,0,0,1,0,0,1,0,0,0,1,0,0,1,1,0,0,1,0,0,1,0,0,0,1,0,0,0,1,0,0,0,0,0,0,0,0,0,0,0,0,0,0,0,0,0,0,0,0,0,0,0,0,0,0,0,0,0,0,0,0,0,0,0,0,0,0,0,0,0,0,0,0,0,0,0,0,0,0,0,0,0,0,0,0,0,0,0,0,0,0,0,0,0,0,0,0,0,0,0,0,0,0,0,0,0,0,0,0,0,0,0,0,0,0,0,0,0,0,1,0,0,0,0,0,0,0,0,0,0,0,0,0,0,0,0,0,284
144.0,1,1,0,0,0,1,0,29440.0,29470.0,146.0,85.0,1778.916667,28664.616667,28669.25,56.566667,0.05,0,1,0,0,0,1,0,0,1,0,0,0,1,0,0,1,0,0,1,1,0,0,1,0,0,0,0,1,0,0,0,0,1,0,0,0,0,0,0,0,0,0,0,0,0,0,0,0,0,0,0,0,0,0,0,0,0,0,0,0,0,0,0,0,0,0,0,0,0,0,0,0,0,0,0,0,0,0,0,0,0,0,0,0,0,0,0,0,0,0,0,0,0,0,0,0,0,0,0,0,0,0,0,0,0,0,0,0,0,0,0,0,0,0,0,0,0,0,0,0,0,0,1,0,0,0,0,0,0,0,0,0,0,0,0,0,0,0,0,835
241.0,1,1,0,0,0,1,0,30155.0,30815.0,225.0,41.0,204.683333,30040.383333,30353.2,7.683333,0.183333,0,0,1,0,0,0,0,1,1,0,0,0,1,0,0,1,1,0,0,1,0,0,1,0,0,0,1,0,0,0,0,0,1,0,0,0,0,0,0,0,0,0,0,0,0,0,0,0,0,0,0,0,0,0,0,0,0,0,0,0,0,0,0,0,0,0,0,0,0,0,0,0,0,0,0,0,0,0,0,0,0,0,0,0,0,0,0,0,0,0,0,0,0,0,0,0,0,0,0,0,0,0,0,0,0,0,0,0,0,0,0,0,0,0,0,0,0,0,0,0,0,0,0,0,0,0,0,0,0,0,1,0,0,0,0,0,0,0,0,1377
144.0,1,1,0,0,0,1,0,52492.0,52522.0,146.0,85.0,1766.65,51682.8,51832.066667,605.966667,0.05,0,1,0,0,0,1,0,0,1,0,0,0,1,0,0,1,0,0,1,1,0,0,1,0,0,0,0,1,0,0,0,0,1,0,0,0,0,0,0,0,0,0,0,0,0,0,0,0,0,0,0,0,0,0,0,0,0,0,0,0,0,0,0,0,0,0,0,0,0,0,0,0,0,0,0,0,0,0,0,0,0,0,0,0,0,0,0,0,0,0,0,0,0,0,0,0,0,0,0,0,0,0,0,0,0,0,0,0,0,0,0,0,0,0,0,0,0,0,0,0,0,0,1,0,0,0,0,0,0,0,0,0,0,0,0,0,0,0,0,835
144.0,1,1,1,1,1,1,0,781.0,851.0,146.0,85.0,762.0,764.133333,852.55,43.8,0.433333,0,1,0,0,0,1,0,0,1,0,1,0,0,0,0,1,0,1,0,1,0,0,1,0,0,1,0,0,0,0,0,0,1,0,0,0,0,0,0,0,0,0,0,0,0,0,0,0,0,0,0,0,0,0,0,0,0,0,0,0,0,0,0,0,0,0,0,0,0,0,0,0,0,0,0,0,0,0,0,0,0,0,0,0,0,0,0,0,0,0,0,0,0,0,0,0,0,0,0,0,0,0,0,0,0,0,0,0,0,0,0,0,0,0,0,0,0,0,0,0,0,0,1,0,0,0,0,0,0,0,0,0,0,0,0,0,0,0,0,1022
241.0,0,1,0,0,0,1,0,12672.0,12742.0,220.0,41.0,1478.883333,12636.3,12744.1,2.35,0.05,0,0,1,0,0,0,0,1,1,0,0,0,1,0,0,1,1,0,0,1,0,0,1,0,0,1,0,0,0,0,0,0,1,0,0,0,0,0,0,0,0,0,0,0,0,0,0,0,0,0,0,0,0,0,0,0,0,0,0,0,0,0,0,0,0,0,0,0,0,0,0,0,0,0,0,0,0,0,0,0,0,0,0,0,0,0,0,0,0,0,0,0,0,0,0,0,0,0,0,0,0,0,0,0,0,0,0,0,0,0,0,0,0,0,0,0,0,0,0,0,0,0,0,0,0,0,0,0,0,1,0,0,0,0,0,0,0,0,0,999
45.0,0,1,0,1,0,1,0,26306.0,26346.0,63.0,17.0,3122.0,26194.883333,26331.05,2.733333,0.716667,0,1,0,0,0,1,0,0,1,1,0,0,0,0,0,1,1,0,0,1,0,0,1,0,0,0,1,0,0,0,1,0,0,0,0,0,0,0,0,0,0,0,0,0,0,0,0,0,0,0,0,0,0,0,0,0,0,0,0,0,0,0,0,0,0,0,0,0,0,0,0,0,0,0,0,0,0,0,0,0,0,0,0,0,0,0,0,0,0,0,0,0,0,0,0,0,0,0,0,0,0,0,0,0,0,0,0,0,0,0,0,0,0,0,0,0,0,0,0,0,0,1,0,0,0,0,0,0,0,0,0,0,0,0,0,0,0,0,0,284
33.0,0,1,0,0,0,0,0,31033.0,31063.0,60.0,12.0,2723.183333,30767.7,31060.283333,1.866667,0.016667,0,1,0,0,0,1,0,0,1,0,0,0,1,0,1,0,1,0,0,1,0,0,1,0,0,1,0,0,0,1,0,0,0,0,0,0,0,0,0,0,0,0,0,0,0,0,0,0,0,0,0,0,0,0,0,0,0,0,0,0,0,0,0,0,0,0,0,0,0,0,0,0,0,0,0,0,0,0,0,0,0,0,0,0,0,0,0,0,0,0,0,0,0,0,0,0,0,0,0,0,0,0,0,0,0,0,0,0,0,0,0,0,0,0,0,0,0,0,0,0,0,0,0,0,0,1,0,0,0,0,0,0,0,0,0,0,0,0,0,127
45.0,0,1,1,1,0,1,0,1308.0,1338.0,65.0,17.0,324.0,1186.483333,1313.05,0.166667,0.133333,0,1,0,0,0,1,0,0,1,1,0,0,0,0,0,1,1,0,0,1,0,0,1,0,0,0,0,1,0,0,1,0,0,0,0,0,0,0,0,0,0,0,0,0,0,0,0,0,0,0,0,0,0,0,0,0,0,0,0,0,0,0,0,0,0,0,0,0,0,0,0,0,0,0,0,0,0,0,0,0,0,0,0,0,0,0,0,0,0,0,0,0,0,0,0,0,0,0,0,0,0,0,0,0,0,0,0,0,0,0,0,0,0,0,0,0,0,0,0,0,0,1,0,0,0,0,0,0,0,0,0,0,0,0,0,0,0,0,0,210
241.0,1,0,0,0,0,1,0,29484.0,29724.0,225.0,41.0,2843.0,29311.6,29419.733333,8.883333,0.05,0,0,1,0,0,0,0,1,1,0,0,0,1,0,0,1,1,0,0,1,0,0,1,0,0,0,0,1,0,0,0,0,1,0,0,0,0,0,0,0,0,0,0,0,0,0,0,0,0,0,0,0,0,0,0,0,0,0,0,0,0,0,0,0,0,0,0,0,0,0,0,0,0,0,0,0,0,0,0,0,0,0,0,0,0,0,0,0,0,0,0,0,0,0,0,0,0,0,0,0,0,0,0,0,0,0,0,0,0,0,0,0,0,0,0,0,0,0,0,0,0,0,0,0,0,0,0,0,0,0,1,0,0,0,0,0,0,0,0,1145
144.0,1,1,0,0,0,1,0,13439.0,13499.0,146.0,85.0,1460.266667,12927.583333,13312.6,412.9,0.033333,0,1,0,0,0,1,0,0,1,1,0,0,0,0,0,1,1,0,0,0,1,0,1,0,0,0,0,1,0,0,0,0,1,0,0,0,0,0,0,0,0,0,0,0,0,0,0,0,0,0,0,0,0,0,0,0,0,0,0,0,0,0,0,0,0,0,0,0,0,0,0,0,0,0,0,0,0,0,0,0,0,0,0,0,0,0,0,0,0,0,0,0,0,0,0,0,0,0,0,0,0,0,0,0,0,0,0,0,0,0,0,0,0,0,0,0,0,0,0,0,0,0,1,0,0,0,0,0,0,0,0,0,0,0,0,0,0,0,0,697
2544.0,0,1,0,0,0,1,1,26277.0,26337.0,2790.0,66.0,2771.516667,26071.5,26297.783333,107.033333,0.016667,0,0,0,1,0,0,1,0,1,0,0,0,1,1,0,0,1,0,0,1,0,0,1,0,0,0,0,1,1,0,0,0,0,0,0,0,0,0,0,0,0,0,0,0,0,0,0,0,0,0,0,0,0,0,0,0,0,0,0,0,0,0,0,0,0,0,0,0,0,0,0,0,0,0,0,0,0,0,0,0,0,0,0,0,0,0,0,0,0,0,0,0,0,0,0,0,0,0,0,0,0,0,0,0,0,0,0,0,0,0,0,0,0,0,0,0,0,0,0,0,0,0,0,0,0,0,0,0,0,0,0,0,0,1,0,0,0,0,0,10609
45.0,0,1,0,0,0,1,0,30838.0,30868.0,60.0,41.0,2148.333333,30637.35,30709.683333,2.666667,2905.95,0,1,0,0,0,1,0,0,1,0,0,0,1,0,0,1,1,0,0,1,0,0,1,0,0,0,1,0,0,0,1,0,0,0,0,0,0,0,0,0,0,0,0,0,0,0,0,0,0,0,0,0,0,0,0,0,0,0,0,0,0,0,0,0,0,0,0,0,0,0,0,0,0,0,0,0,0,0,0,0,0,0,0,0,0,0,0,0,0,0,0,0,0,0,0,0,0,0,0,0,0,0,0,0,0,0,0,0,0,0,0,0,0,0,0,0,0,0,0,0,0,1,0,0,0,0,0,0,0,0,0,0,0,0,0,0,0,0,0,284
